platform,text_content,date,keyword_used,category,source_url,country_context,location_geographic,sentiment_score,top_20_mapping
Google Search,"pet monkey in the united states, most states restrict monkey ownership, whether via licensing requirements or outright bans, but, as of 2016, 13 states allow it.",2026-02-27,pet monkey,Primate,https://en.wikipedia.org/wiki/Pet_monkey,United States,National (US),0.1055,
Google Search,"the challenges of keeping a capuchin monkey as a pet currently, you can legally own a capuchin monkey in states like north carolina, florida, nevada, ohio, texas, mississippi, tennessee, alabama, ...",2026-02-27,pet monkey,Primate,https://www.thesprucepets.com/pet-capuchin-monkeys-1239552,United States,National (US),0.4939,
Google Search,"legality of owning a monkey in the u.s. and canada [oc] at least in the us, it's legal to own one if you have the correct usda liscences. it's for zoo's and animal rescues.",2026-02-27,pet monkey,Primate,https://www.reddit.com/r/dataisbeautiful/comments/kg0b4o/legality_of_owning_a_monkey_in_the_us_and_canada/,United States,National (US),0.4215,
Google Search,primate pet ownership fuels a brutal industry. this bill ... california is among the states with total bans on pet primate ownership. others have partial bans. but in some states it remains legal for ...,2026-02-27,pet monkey,Primate,https://www.npr.org/2025/07/26/nx-s1-5463589/captive-primate-safety-act-exotic-pet-trade-illegal,United States,National (US),-0.2023,
Google Search,"how to buy a monkey (& what to consider before you do) while you may be able to buy a monkey in some states, it's illegal in most states unless you have a permit. monkeys, cute as they are, can be very high- ...",2026-02-27,pet monkey,Primate,https://www.wikihow.com/Buy-a-Monkey,United States,National (US),-0.1531,"Q1_Sentiment, Q4_Legal_Risk"
Google Search,"are there any good reasons not to have a pet monkey ... yes, there are plenty of “non legal” reasons not to have a pet monkey or ape. pros: when they're babies, they cling to you and are simply adorable.",2026-02-27,pet monkey,Primate,https://www.quora.com/Are-there-any-good-reasons-not-to-have-a-pet-monkey-not-talking-about-the-legal-ones-What-are-some-of-the-pros-and-cons-of-having-one,United States,National (US),0.8316,
Google Search,"keeping primates as pets | rspca primates are not suitable house pets. they need space, companions and mental stimulation, not what you find in someone's living room.",2026-02-27,pet monkey,Primate,https://www.rspca.org.uk/adviceandwelfare/pets/other/primates,United States,National (US),0.0,
Google Search,10 compelling reasons to avoid a pet monkey 1. legal complexities: · 2. safety concerns: · 3. training challenges: · 4. incompatibility with household: · 5. high maintenance and specialized ...,2026-02-27,pet monkey,Primate,https://www.jaguarrescue.foundation/en-us/News/ArticleID/44/10-Compelling-Reasons-to-Avoid-a-Pet-Monkey-A-Must-Read,United States,National (US),0.5106,
Google Search,"can monkeys make good pets? the legality of owning a monkey varies, depending on where you live. some states say absolutely not, whereas other states say it's ok in certain circumstances.",2026-02-27,pet monkey,Primate,https://www.petassure.com/maxscorner/can-monkeys-make-good-pets/,United States,National (US),0.7351,
Google Search,10 compelling reasons to avoid a pet monkey primate pet ownership is sometimes either completely prohibited or necessitates the purchase of expensive licences. the jrc supports a worldwide ...,2026-02-27,pet macaque,Primate,https://www.jaguarrescue.foundation/en-us/News/ArticleID/44/10-Compelling-Reasons-to-Avoid-a-Pet-Monkey-A-Must-Read,United States,National (US),0.296,Q5_Safety_Risk
Google Search,do primates make good pets? many primates are endangered and it is illegal to keep them as pets or even in captivity. many primates are taken illegally from their families and habitats in ...,2026-02-27,pet macaque,Primate,https://primate.wisc.edu/primate-info-net/pin-factsheets/pin-factsheet-primates-as-pets/,United States,National (US),-0.1779,"Q1_Sentiment, Q4_Legal_Risk, Q5_Safety_Risk, Q6_Animal_Welfare"
Google Search,"is there any situation where you can ethically have a ... no, there is no ethical way to have a primate 'pet'. there are sanctuaries, but that is not having a pet, and you would have to work/volunteer there for a ...",2026-02-27,pet macaque,Primate,https://www.reddit.com/r/primatology/comments/iu163p/is_there_any_situation_where_you_can_ethically/,United States,National (US),-0.2146,
Google Search,"primate pet ownership fuels a brutal industry. this bill ... spider monkeys, like violeta, are now among the most-trafficked animals and are listed as endangered by the international union for conservation ...",2026-02-27,pet macaque,Primate,https://www.npr.org/2025/07/26/nx-s1-5463589/captive-primate-safety-act-exotic-pet-trade-illegal,United States,National (US),-0.3818,Q5_Safety_Risk
Google Search,"primates as pets several thousand monkeys and other non-human primates are believed to be in private ownership in the uk. the most commonly kept species, which include ...",2026-02-27,pet macaque,Primate,https://www.humaneworld.org/en/news/primates-pets,United States,National (US),0.0,
Google Search,the darwin saga: macaques as pets - worms & germs blog stress-associated health and behavioural problems are quite common in pet macaques. the lifespan of these monkeys also needs to be considered.,2026-02-27,pet macaque,Primate,https://www.wormsandgermsblog.com/2012/12/articles/animals/other-animals/the-darwin-saga-macaques-as-pets/,United States,National (US),-0.4019,
Google Search,"pet monkey in the united states, most states restrict monkey ownership, whether via licensing requirements or outright bans, but, as of 2016, 13 states allow it.",2026-02-27,pet macaque,Primate,https://en.wikipedia.org/wiki/Pet_monkey,United States,National (US),0.1055,
Google Search,"the facts about primates as 'pets' there are no federal laws in the united states that ban primate ownership or exotic animal ownership in general. as a result, responsibility for ...",2026-02-27,pet macaque,Primate,https://www.bornfreeusa.org/2011/08/09/the-facts-about-primates-as-pets/,United States,National (US),-0.4588,Q4_Legal_Risk
Google Search,"pet monkey care: challenges, costs, and considerations a well-cared-for monkey can generally live to be anywhere from 20 to 40 years old and will need your full commitment throughout their entire life.",2026-02-27,pet macaque,Primate,https://www.thesprucepets.com/problems-with-pet-monkeys-1237180,United States,National (US),0.7269,Q6_Animal_Welfare
Google Search,chimps as pets - why you not have ... chimpanzees should never be kept as pets. chimps are undomesticated wild animals and they do not make good pets. learn more on chimp haven.,2026-02-27,pet chimpanzee,Primate,https://chimphaven.org/education/chimp-as-pets/,United States,National (US),-0.3412,
Google Search,"should you keep a chimpanzee as a pet? adult chimps are much stronger than most humans, so an unruly chimp may easily harm—or even kill—its owner. chimpanzee behavior and temperament ...",2026-02-27,pet chimpanzee,Primate,https://www.thesprucepets.com/pet-chimpanzees-1238274,United States,National (US),0.6124,Q5_Safety_Risk
Google Search,"chimpanzee owners what's it like keeping a chimp as a pet ... with the chimps and toddles, they will never ever ever have the chimp close enough to be able to grab or hold the toddler but they do allow ...",2026-02-27,pet chimpanzee,Primate,https://www.reddit.com/r/AskReddit/comments/uumpv8/chimpanzee_owners_whats_it_like_keeping_a_chimp/,United States,National (US),0.4767,
Google Search,"chimpanzees as pets pet chimpanzees, like all captive chimpanzees, need the companionship of other chimps, extensive veterinary care by a qualified chimpanzee vet, a variety of ...",2026-02-27,pet chimpanzee,Primate,https://savethechimps.org/chimpanzees-as-pets/,United States,National (US),0.6908,Q6_Animal_Welfare
Google Search,"chimp crazy documentary highlights tragic ... chimp crazy, a four-part documentary that explores the complex world of chimpanzees in human care, will debut today on hbo.",2026-02-27,pet chimpanzee,Primate,https://www.aza.org/aza-news-releases/posts/chimp-crazy-documentary-highlights-tragic-consequences-of-exotic-pet-ownership,United States,National (US),-0.5574,Q6_Animal_Welfare
Google Search,chimpanzees as pets chimpanzees can and will bite. several former pet owners have suffered severe facial damage and have lost fingers and other appendages because of a chimpanzee ...,2026-02-27,pet chimpanzee,Primate,https://chimpsnw.org/resources/advocacy/chimpanzees-as-pets/,United States,National (US),-0.8834,Q5_Safety_Risk
Google Search,"captive primate safety act (federal) hbo launched a new docuseries, chimp crazy, which details the tragic consequences of keeping chimpanzees as “pets.” the four-part series highlights the stories ...",2026-02-27,pet chimpanzee,Primate,https://aldf.org/project/captive-primate-safety-act-federal/,United States,National (US),-0.2732,
Google Search,peta's influence on primate ownership and potential ban you see there was a woman who had owned a chimpanzee as a pet for ... ban ownership of pet chimpanzees. charlene sanouvong. 1 reaction.,2026-02-27,pet chimpanzee,Primate,https://www.facebook.com/groups/637767967589001/posts/1274409537258171/,United States,National (US),-0.802,
Google Search,"what is the cost of owning a pet chimpanzee in the united ... it is illegal to keep a chimpanzee as a pet, as they are a protected species. chimpanzees are very smart and highly dextrous- like people. good ...",2026-02-27,pet chimpanzee,Primate,https://www.quora.com/What-is-the-cost-of-owning-a-pet-chimpanzee-in-the-United-States,United States,National (US),0.868,"Q1_Sentiment, Q4_Legal_Risk"
Google Search,"wwf guide: why slow lorises aren't pets pygmy slow loris. nycticebus pygmaeus. a slow loris sits in a tree and looks directly at the camera with big,. © shutterstock.",2026-02-27,pet slow loris,Primate,https://www.worldwildlife.org/our-work/wildlife/wildlife-crime/responsible-pet-guide/assessed-exotic-species/pygmy-slow-loris/,United States,National (US),0.0,
Google Search,"the truth behind the slow loris pet trade if you come across a video or photo of a pet slow loris on the internet, while it may appear cute, the animal in the video is suffering and so is the entire ...",2026-02-27,pet slow loris,Primate,https://www.internationalanimalrescue.org/truth-behind-slow-loris-pet-trade,United States,National (US),0.296,Q6_Animal_Welfare
Google Search,"pet trade's “cute” and “adorable” label endangers the slow ... the slow loris includes all the species of the genus nycticebus, which range from northeast india to southeast asia, indonesia and the ...",2026-02-27,pet slow loris,Primate,https://news.mongabay.com/2016/08/pet-trades-cute-and-adorable-label-endangers-the-slow-loris/,United States,National (US),0.0,Q5_Safety_Risk
Google Search,conservation of slow lorises slow lorises are nocturnal strepsirrhine primates in the genus nycticebus that live in the rainforests of south and southeast asia.,2026-02-27,pet slow loris,Primate,https://en.wikipedia.org/wiki/Conservation_of_slow_lorises,United States,National (US),0.0,
Google Search,"are humans pushing the slow loris to extinction? ... slow lorises from being sold on the illegal pet market. customers find them irresistible, but these primates don't fare well as pets. before ...",2026-02-27,pet slow loris,Primate,https://www.nationalgeographic.com/magazine/article/explore-animals-illegal-pet-trade-slow-loris,United States,National (US),-0.4255,"Q1_Sentiment, Q4_Legal_Risk"
Google Search,"why not buy a slow loris being poisonous nocturnal wild animals with an unusual diet, slow lorises are completely unsuitable pets. if they survive the journey from the forest, ...",2026-02-27,pet slow loris,Primate,https://www.kukang.org/en/why-not-to-buy-a-slow-loris,United States,National (US),-0.5719,
Google Search,"wildlife trafficking in the age of social media primates are among the most ubiquitous species affected by illegal wildlife trade, with the slow loris being under extreme pressure due to their ...",2026-02-27,pet slow loris,Primate,https://www.currentconservation.org/wildlife-trafficking-in-the-age-of-social-media-the-story-of-the-slow-loris/,United States,National (US),-0.788,"Q1_Sentiment, Q4_Legal_Risk"
Google Search,saving the slow loris this adorableness has made the slow loris a darling of the illegal exotic pet trade. wildlife trafficking--along with hunting and habitat ...,2026-02-27,pet slow loris,Primate,https://www.nsf.gov/news/saving-slow-loris,United States,National (US),0.6514,"Q1_Sentiment, Q4_Legal_Risk"
Google Search,"slow loris summary. four of the five nycticebus (slow loris) species are listed by the iucn as vulnerable, and the javan slow loris (nycticebus javanicus) is listed as ...",2026-02-27,pet slow loris,Primate,https://wildlifeleaders.org/projects/class-projects/slow-loris,United States,National (US),-0.2263,
Google Search,"freeing poached wildlife 'safely' is a dangerous myth the moment a cage door is opened and an animal released is often seen as the ultimate good news. when a captive wild animal is freed, ...",2026-02-27,pet slow loris,Primate,https://theconversation.com/freeing-poached-wildlife-safely-is-a-dangerous-myth-new-study-275586,United States,National (US),0.8316,"Q1_Sentiment, Q5_Safety_Risk"
Google Search,"[ama request] anyone who owns a pet tiger or personally ... owning a tiger is really, really wrong. they are borderline sapient. they are absolutely aware of themselves, they are aware of you as a ...",2026-02-27,pet tiger,Big Cat,https://www.reddit.com/r/IAmA/comments/85ba9z/ama_request_anyone_who_owns_a_pet_tiger_or/,United States,National (US),-0.5678,
Google Search,"state laws exotic cats no person may possess any dangerous animal, defined to include a lion, tiger ... no personal possession permits for the purpose of pet ownership will be issued.",2026-02-27,pet tiger,Big Cat,https://bigcatrescue.org/conservation-news/state-laws-exotic-cats,United States,National (US),-0.7579,"Q1_Sentiment, Q4_Legal_Risk, Q5_Safety_Risk"
Google Search,"are more tigers in backyards than in the wild? ... statistics show that between 5,000 and 7,000 tigers live in private hands in the united states, compared to only about 5,574 in the wild ...",2026-02-27,pet tiger,Big Cat,https://www.lionstigersandbears.org/are-more-tigers-in-backyards-than-in-the-wild-the-shocking-truth-about-exotic-animals-in-the-usa/,United States,National (US),0.4215,
Google Search,"should you keep a tiger as a pet? ownership of tigers poses significant risks and ethical concerns, making accredited zoos or rescue preserves a better place for these animals.",2026-02-27,pet tiger,Big Cat,https://www.thesprucepets.com/pet-tigers-1238150,United States,National (US),0.8481,
Google Search,"big-cat owners must register by june 18 the big cat public safety act makes it illegal to privately possess or breed big cats. the act was signed into law december 20, 2022, to end ...",2026-02-27,pet tiger,Big Cat,https://www.fws.gov/press-release/2023-04/big-cat-owners-must-register-june-18,United States,National (US),-0.2023,"Q1_Sentiment, Q4_Legal_Risk"
Google Search,"is it possible to own a tiger as a pet? ... short answer – in my beloved country, the private ownership of endangered cats, including tigers, is forbidden unless the person has a ...",2026-02-27,pet tiger,Big Cat,https://www.quora.com/Is-it-possible-to-own-a-tiger-as-a-pet-What-are-the-requirements-and-legalities-involved-in-owning-a-tiger,United States,National (US),0.128,"Q1_Sentiment, Q5_Safety_Risk"
Google Search,private tiger ownership in u.s. they agree that private tiger ownership threatens public safety and undermines conservation efforts; in short—that tigers belong in the wild.,2026-02-27,pet tiger,Big Cat,https://pulitzercenter.org/stories/private-tiger-ownership-us,United States,National (US),0.0772,
Google Search,"born free exotic animals as 'pets' https://www.peta. org ... americans can get permission to keep tigers relatively easily by giving a name, address and a $40 fee. this allows owners to legally keep a big ...",2026-02-27,pet tiger,Big Cat,https://www.facebook.com/animalmattersinternational/posts/approximately-6000-tigers-are-currently-being-kept-as-pets-in-the-united-states-/1034342775404516/,United States,National (US),0.8176,
Google Search,"can you own a lion in the united states? the big cat public safety act, signed into law in december 2022, makes it illegal to privately possess or breed big cats, including lions, ...",2026-02-27,pet lion,Big Cat,https://www.reddit.com/r/CasualConversation/comments/1m0wuag/can_you_own_a_lion_in_the_united_states/,United States,National (US),0.25,"Q1_Sentiment, Q4_Legal_Risk"
Google Search,"where to live if you want a pet lion five states don't allow private ownership of lions under any circumstances, and the rest allow you to own a lion within certain legal guidelines ...",2026-02-27,pet lion,Big Cat,https://lifehacker.com/where-to-live-if-you-want-a-pet-lion-1848309048,United States,National (US),0.4826,Q1_Sentiment
Google Search,"'people buy a lion and can't handle it': inside the farms ... while lion ownership requires a licence, breeding does not – anyone who legally owns lions can also breed them. cubs don't need to be registered ...",2026-02-27,pet lion,Big Cat,https://www.theguardian.com/environment/2025/may/28/thailand-lion-exotic-pet-trade-instagram-tiktok-aoe,United States,National (US),0.1027,
Google Search,"is it legal to own a lion in america? if not, what ... all wildlife kept as personal pets require a state issued permit . lions are classified as class 1 and it is virtually impossible to obtain such ...",2026-02-27,pet lion,Big Cat,https://www.quora.com/Is-it-legal-to-own-a-lion-in-America-If-not-what-is-the-closest-legal-alternative-and-how-much-does-it-cost,United States,National (US),0.128,Q4_Legal_Risk
Google Search,"petting cafes to homes: thailand's soaring captive lion ... lion ownership is rising in thailand, prompting concerns over welfare, regulation, and illegal wildlife trade.",2026-02-27,pet lion,Big Cat,https://www.aljazeera.com/gallery/2025/8/4/petting-cafes-to-homes-thailands-soaring-captive-lion-population,United States,National (US),-0.5574,"Q1_Sentiment, Q4_Legal_Risk"
Google Search,"'absolute madness': thailand's pet lion problem thailand's captive lion population has exploded in recent years, with nearly 500 registered in zoos, breeding farms, petting cafes and homes.",2026-02-27,pet lion,Big Cat,https://www.barrons.com/news/absolute-madness-thailand-s-pet-lion-problem-5940113a?gaa_at=eafs&gaa_n=AWEtsqe6RaSoLaBQ93mp4xQjDHYdoSFi8wkMZCcKfM7jCDNGCHMl8qNBfoLH&gaa_ts=69a1cce3&gaa_sig=fcG1Bm_YzWmSPOGQctMVzXsRe_c4kQprCCzZBOSAn2O4FLGYXs-T3WXj5rYmBzc4Lzom2tblCHMGfMLCQuuavA%3D%3D,United States,National (US),-0.6808,
Google Search,"so. hypothetically speaking, if i wanted to own a lion ... it is up to local ordinances. if your local government (city, township, or county) doesn't have any restrictions then technically you could own a lion.",2026-02-27,pet lion,Big Cat,https://www.reddit.com/r/wisconsin/comments/vvlwv5/so_hypothetically_speaking_if_i_wanted_to_own_a/,United States,National (US),0.0,Q1_Sentiment
Google Search,"apparently previous owner many years ago kept a pet lion ... in the 1950s, charles hipp - an oil businessman from texas got a lion as a family pet. it never caused any problems, and even gave piggyback ...",2026-02-27,pet lion,Big Cat,https://www.facebook.com/groups/7936534691/posts/10158459747834692/,United States,National (US),0.3089,
Google Search,"what you need to know about adding a serval to your ... servals around the age of two develop personality and behavioral changes, often negatively tolerated by under-educated and under-equipped owners ...",2026-02-27,pet serval,Big Cat,https://www.savannahgans.com/blog-1/servalpet,United States,National (US),0.0,
Google Search,"do serval cats make good house pets? although servals (a wild cat) are not included in the provincial controlled alien species legislation, that doesn't mean they should be kept as pets.",2026-02-27,pet serval,Big Cat,https://spca.bc.ca/faqs/do-serval-cats-make-good-house-pets/,United States,National (US),0.4404,
Google Search,"everything about ownership — serval pet breeders a african serval should be bred from two parents that don't spray, are kind with strangers, good with children and have no issues with anxiety.",2026-02-27,pet serval,Big Cat,https://www.servalcatforsale.com/everything-about-ownership,United States,National (US),-0.4168,
Google Search,what's it like to own a serval cat in like a house? they are dangerous wild animals and should not be staying a home with humans. it's cruel for the cat and unsafe for you.,2026-02-27,pet serval,Big Cat,https://www.reddit.com/r/serval/comments/16wrt6m/whats_it_like_to_own_a_serval_cat_in_like_a_house/,United States,National (US),-0.4404,"Q1_Sentiment, Q5_Safety_Risk"
Google Search,"servals: why they don't make good pets legal restrictions: in many places, it's illegal to own a serval as a pet due to their potential danger to humans and the exotic pet trade regulations.",2026-02-27,pet serval,Big Cat,https://carolinatigerrescue.org/education-blog/servals-why-they-dont-make-good-pets/,United States,National (US),-0.8362,"Q1_Sentiment, Q4_Legal_Risk, Q5_Safety_Risk"
Google Search,"are serval cats good pets? in all other states, serval ownership is illegal. it is either legal or illegal, they belong to wild. so, it would be better if we let them be ...",2026-02-27,pet serval,Big Cat,https://www.facebook.com/groups/wildcatsanctuary/posts/2359740881054813/,United States,National (US),-0.2263,"Q1_Sentiment, Q4_Legal_Risk"
Google Search,"servals are not pets big cat rescue it is illegal to own a serval in california without a special permit. los angeles animal services is working to determine if the cat has an owner. june 21, 2019 ...",2026-02-27,pet serval,Big Cat,https://bigcatrescue.org/conservation-news/servals-not-pets,United States,National (US),-0.3732,"Q1_Sentiment, Q4_Legal_Risk"
Google Search,"what are the pros and cons of owning a serval as a pet? ... the serval is a small, endangered wild cat. servals are no more suitable (ie, not at all) as pets than bobcats or lynxes would be. they are wild animals.",2026-02-27,pet serval,Big Cat,https://www.quora.com/What-are-the-pros-and-cons-of-owning-a-serval-as-a-pet-Are-there-any-other-big-cats-that-can-be-owned-as-pets-in-the-United-States-or-is-it-only-lions-and-tigers,United States,National (US),-0.296,Q5_Safety_Risk
Google Search,"caracals as pets: understanding behavior, diet, and risks think you're ready to keep a caracal as a pet? here are the personal, legal & financial responsibilities that make caring for a caracal so tough.",2026-02-27,pet caracal,Big Cat,https://www.petplace.com/article/cats/pet-care/caracals-as-pets,United States,National (US),0.4782,
Google Search,"cmv: caracals should never be kept as pets. every video i see of a caracal, that thing is angry. they don't seem to like their humans, and the cat always has something loud and nasty to say about it.",2026-02-27,pet caracal,Big Cat,https://www.reddit.com/r/changemyview/comments/t1j6m1/cmv_caracals_should_never_be_kept_as_pets/,United States,National (US),-0.8406,
Google Search,"pet caracal legal states 2026 costs of caracal ownership. the average caracal purchase can start at $1,500 ... the states that allow a pet caracal to be owned are: arizona; arkansas ...",2026-02-27,pet caracal,Big Cat,https://worldpopulationreview.com/state-rankings/pet-caracal-legal-states,United States,National (US),0.34,
Google Search,"do caracals make good pets? wildlife experts strongly warn against keeping caracals as pets, even if it is legal to do so in your state. the caracal has long legs, a short, ...",2026-02-27,pet caracal,Big Cat,https://cats.com/do-caracals-make-good-pets,United States,National (US),0.6249,
Google Search,"state laws exotic cats permits are required for public exhibition, sale or personal possession of class ii wildlife which include bobcats, servals and caracals. ... no personal ...",2026-02-27,pet caracal,Big Cat,https://bigcatrescue.org/conservation-news/state-laws-exotic-cats,United States,National (US),-0.296,Q4_Legal_Risk
Google Search,who here owns a caracal ? i have been considering ... who here owns a caracal ? i have been considering getting one but i don't know anyone that has one personally and i have questions about owning ...,2026-02-27,pet caracal,Big Cat,https://www.facebook.com/groups/2743149249047995/posts/7297324503630424/,United States,National (US),0.0,
Google Search,"caracal as a pet. wtf? not pets, but some are raised to be sold as pets. so this isn't as bad as those that try to keep cougars as pets or any of the big cats. they ...",2026-02-27,pet caracal,Big Cat,https://boards.straightdope.com/t/caracal-as-a-pet-wtf/990305,United States,National (US),0.3346,
Google Search,"how dangerous are caracal cats? risks to humans, ... regardless of legality, wildlife experts strongly caution people against keeping caracals as pets. the high level of risk to both humans and ...",2026-02-27,pet caracal,Big Cat,https://a-z-animals.com/blog/how-dangerous-are-caracal-cats-risks-to-humans-dogs-and-more/,United States,National (US),-0.6369,"Q1_Sentiment, Q5_Safety_Risk"
Google Search,"can you domesticate a caracal? not that i'd advise having one as a pet - they are not domesticated, only tame and they can do you serious harm. they are a species of wild cat, ...",2026-02-27,pet caracal,Big Cat,https://www.quora.com/Can-you-domesticate-a-caracal,United States,National (US),-0.5859,
Google Search,"state laws exotic cats under § 26-40a, no person shall possess a potentially dangerous animal, which includes wildlife such as the lion, leopard, cheetah ... no personal possession ...",2026-02-27,pet cheetah,Big Cat,https://bigcatrescue.org/conservation-news/state-laws-exotic-cats,United States,National (US),-0.7579,"Q1_Sentiment, Q4_Legal_Risk, Q5_Safety_Risk"
Google Search,can i get a pet cheetah? and does anyone here own ... no. there are no domesticated cheetahs. you cannot 'domesticate' a cheetah because it takes decades of breeding to domesticate any type of ...,2026-02-27,pet cheetah,Big Cat,https://www.quora.com/Can-I-get-a-pet-cheetah-And-does-anyone-here-own-a-cheetah,United States,National (US),-0.296,
Google Search,"cheetah pet risk and care assessment this assessment explains the high risk of a cheetah and outlines important care, health, and habitat considerations for pet owners.",2026-02-27,pet cheetah,Big Cat,https://www.worldwildlife.org/our-work/wildlife/wildlife-crime/responsible-pet-guide/assessed-exotic-species/cheetah/,United States,National (US),0.6124,Q6_Animal_Welfare
Google Search,"about cheetahs though cheetah ownership and exotic pet ownership has been outlawed in many countries, there is still a high demand for cheetahs as pets. cubs are illegally ...",2026-02-27,pet cheetah,Big Cat,https://cheetah.org/learn/about-cheetahs/,United States,National (US),-0.128,"Q1_Sentiment, Q4_Legal_Risk"
Google Search,"is the reason why cheetahs can't be domesticated simply ... do you think our world could ever accommodate a animal like a cheetah for it to be ethical as a pet? ... this is a very trustworthy exotic owner"".",2026-02-27,pet cheetah,Big Cat,https://www.reddit.com/r/Animals/comments/1mrc65b/is_the_reason_why_cheetahs_cant_be_domesticated/,United States,National (US),0.8655,
Google Search,"state laws: private possession of exotic animals summary of law: a person shall not own or possess a large carnivore, including but not limited to: lions, leopards, jaguars, tigers, cougars, panthers, cheetahs ...",2026-02-27,pet cheetah,Big Cat,https://www.bornfreeusa.org/campaigns/animals-in-captivity/summary-state-laws-exotic-animals/,United States,National (US),0.2498,Q4_Legal_Risk
Google Search,"due to the skittish nature of cheetahs living in captivity, dogs ... due to the skittish nature of cheetahs living in captivity, dogs will often be partnered and raised with them so they can be happier and more social.",2026-02-27,pet cheetah,Big Cat,https://www.reddit.com/r/Damnthatsinteresting/comments/x2year/due_to_the_skittish_nature_of_cheetahs_living_in/,United States,National (US),0.5267,Q6_Animal_Welfare
Google Search,"cheetahs are being bought by the ultra-rich illegally hundreds of cheetahs are smuggled from the horn of africa to gulf countries each year, where they're sold to the ultra-rich as pets.",2026-02-27,pet cheetah,Big Cat,https://www.cnn.com/2019/08/28/africa/somaliland-cheetahs-gulf-intl,United States,National (US),-0.3612,"Q1_Sentiment, Q4_Legal_Risk"
Google Search,"cheetahs are actually good pets, but are unpopular due to ... you cannot move the cheetah off your property, because your permit only covers where you live. you certainly cannot take it to a hotel. the zoo ...",2026-02-27,pet cheetah,Big Cat,https://www.reddit.com/r/IsItBullshit/comments/dkhmjz/isitbullshit_cheetahs_are_actually_good_pets_but/,United States,National (US),0.6187,Q4_Legal_Risk
Google Search,"pet python safety | snake care tips for pet owners the most popular species among pet owners, the ball python, rarely grows longer than five feet, so it can't possibly kill or eat a human. green ...",2026-02-27,pet python,Reptile,https://www.petassure.com/maxscorner/pet-python-safety-concerns/,United States,National (US),0.9158,"Q5_Safety_Risk, Q6_Animal_Welfare"
Google Search,"pet python snake care sheet pythons are solitary animals that should always be housed alone. keeping more than one python in the same habitat can encourage stress, ...",2026-02-27,pet python,Reptile,https://www.petmd.com/reptile/pet-python-snake-care-sheet,United States,National (US),0.4019,Q6_Animal_Welfare
Google Search,"someone tell me everything about owning a snake for ... overall captive bred babies are what you want if you want a handleable snake, raised in captivity they are much more likely to take to handling, ...",2026-02-27,pet python,Reptile,https://www.reddit.com/r/snakes/comments/14em8xa/someone_tell_me_everything_about_owning_a_snake/,United States,National (US),0.1531,"Q1_Sentiment, Q6_Animal_Welfare"
Google Search,"owning a pet snake ideally, only captive-bred animals should be sold as pets. wild-caught snakes are less tolerant of stress, more likely to refuse food, and often harbor higher ...",2026-02-27,pet python,Reptile,https://vcahospitals.com/know-your-pet/snakes-owning,United States,National (US),-0.101,
Google Search,"new snake owner - ball pythons i think ball pythons are a wonderful beginner pet, as they are typically a very docile and laid-back species. they are also relatively easy ...",2026-02-27,pet python,Reptile,https://community.morphmarket.com/t/new-snake-owner/3599,United States,National (US),0.765,
Google Search,pythons: are they ever a good idea for a pet? pythons are the most widely owned snake in north america – and they would not usually consider a human being as food.,2026-02-27,pet python,Reptile,https://www.theglobeandmail.com/life/relationships/exotic-pets-are-they-ever-a-good-idea/article13759785/,United States,National (US),0.4404,
Google Search,"why a ball python might be the perfect pet for you typically, these snakes grow to an average length of 3 to 5 feet, making them manageable for most pet owners. their gentle disposition and ...",2026-02-27,pet python,Reptile,https://www.wilbanksreptiles.com/blogs/ball-python/why-a-ball-python-might-be-the-perfect-pet-for-you?srsltid=AfmBOoqRPoAklCcMz5CMTA4bsu9IG4591woDJviMwI_I1SLnGkMT4Fwv,United States,National (US),0.765,
Google Search,"responsible snake ownership – florida snake id guide all captive snakes must be kept in an enclosure when not being safely handled. after purchasing a snake suitable to their level of expertise, ...",2026-02-27,pet python,Reptile,https://www.floridamuseum.ufl.edu/florida-snake-id/responsible-snake-ownership/,United States,National (US),-0.0844,
Google Search,"how good is a python as a pet? do they respect and trust ... a snake can get to know and trust its owner — not just humans in general, but that specific person. it can be comfortable with its owner, and ...",2026-02-27,pet python,Reptile,https://www.quora.com/How-good-is-a-python-as-a-pet-Do-they-respect-and-trust-the-owner-Can-they-share-their-feelings-with-humans,United States,National (US),0.8945,
Google Search,"pros and cons of owning a boa constrictor - happilygus a boa is a serious commitment. all pets, dogs and cats included, require some sort of specialty care to give them a quality life. however, if ...",2026-02-27,pet boa,Reptile,https://happilygus.com/is-a-boa-constrictor-the-best-pet-for-you/,United States,National (US),0.6378,Q6_Animal_Welfare
Google Search,"boa constrictor: species profile - pet snakes captive-bred boas are generally healthier and more docile than their wild-caught counterparts. the prices can widely vary, depending on the type ...",2026-02-27,pet boa,Reptile,https://www.thesprucepets.com/boa-constrictors-as-pets-1237315,United States,National (US),0.0,
Google Search,"i just spent nearly $700 on my boa's adult enclosure. ... i just spent nearly $700 on my boa's adult enclosure. owning a pet is not cheap, so be aware of this before you adopt that $70 colombian boa from the pet store.",2026-02-27,pet boa,Reptile,https://www.reddit.com/r/boas/comments/paqoxs/i_just_spent_nearly_700_on_my_boas_adult/,United States,National (US),0.1779,
Google Search,"red-tailed boa pet risk and care assessment this assessment explains the high risks of keeping a red-tailed boa, including conservation concerns, health risks, and long-term care ...",2026-02-27,pet boa,Reptile,https://www.worldwildlife.org/our-work/wildlife/wildlife-crime/responsible-pet-guide/assessed-exotic-species/red-tailed-boa/,United States,National (US),0.2732,Q6_Animal_Welfare
Google Search,"pet boa constrictor care sheet boas are solitary animals that should be housed alone. keeping more than one boa in the same habitat can encourage stress, aggression, and competition.",2026-02-27,pet boa,Reptile,https://www.petmd.com/reptile/boa-constrictor-care-sheet,United States,National (US),0.128,Q6_Animal_Welfare
Google Search,benefits of boa constrictors as pets captive boa constrictors have a life span of 20-25 years which is average in the world of reptiles. the beauty of owning a pet that can live a ...,2026-02-27,pet boa,Reptile,https://www.xyzreptiles.com/benefits-of-boa-constrictors-as-pets/,United States,National (US),0.7506,
Google Search,"looking to buy a boa constrictor? read this the best way to get a boa constrictor is to buy it from a professional breeder — as in, someone who has been doing this for years and puts their animals' health ...",2026-02-27,pet boa,Reptile,https://reptifiles.com/boa-constrictor-care/buy-boa-constrictor-guide/,United States,National (US),0.6369,
Google Search,expert tips for boa constrictor pet care considering owing a boa constrictor? · lifestyle: the lifespan of a boa constrictors can range from 20 to 30 years. · legality: local regulations ...,2026-02-27,pet boa,Reptile,https://www.wilbanksreptiles.com/blogs/taking-care-of-boa-constrictor/expert-tips-for-boa-constrictor-pet-care?srsltid=AfmBOorxgF17XcbVvFxID17CSsLY_RVdQc7hj2Z9mB2ojfQeFM7pSK68,United States,National (US),0.4939,Q6_Animal_Welfare
Google Search,beginner snake owner - boa constrictors in my opinion boas are the best pet snake out there. i have owned boas for over 49 years. just make sure you buy a baby boa or a 1 year old ...,2026-02-27,pet boa,Reptile,https://community.morphmarket.com/t/beginner-snake-owner/56164,United States,National (US),0.7579,
Google Search,"reptile ownership laws by state $50 for a member of the family elapidae, viperidae, crotalidae, atractaspidae, or hydrophidae which are venomous, including but not limited to cobras, mambas, ...",2026-02-27,pet cobra,Reptile,https://usark.org/reptile-ownership-laws-by-state/,United States,National (US),0.2498,"Q4_Legal_Risk, Q5_Safety_Risk"
Google Search,can anyone tell me how is legal to sell/buy cobra? i seen ... cobra is not a protected animal in thailand so you can buy it as a pet from exotic pet shop.|it is not illegal to own a pet cobra in thailand.,2026-02-27,pet cobra,Reptile,https://www.facebook.com/groups/VenomousAndOtherSnakesOfSiam/posts/2639364339568533/,United States,National (US),0.2542,"Q1_Sentiment, Q4_Legal_Risk"
Google Search,"pet cobras: what it takes to own a venomous reptile in florida owners must complete at least 1,000 hours of experience with venomous reptiles and provide two reference letters from license holders. they also ...",2026-02-27,pet cobra,Reptile,https://www.wsoctv.com/news/trending-now/pet-cobras-what-it-takes-to-own-a-venomous-reptile-in-florida/502920715/,United States,National (US),0.0,"Q4_Legal_Risk, Q5_Safety_Risk"
Google Search,"what is it like to have a cobra as a pet? much like keeping any snake. they need a warm place, room to slither, fresh water and a rodent or such when its dinner.",2026-02-27,pet cobra,Reptile,https://www.quora.com/What-is-it-like-to-have-a-cobra-as-a-pet,United States,National (US),0.802,
Google Search,"cobras make bad pets...duh! | worms & germs blog there's absolutely no reason for these creatures to be kept as pets, and no reason that keeping and selling them shouldn't be met by large fines ...",2026-02-27,pet cobra,Reptile,https://www.wormsandgermsblog.com/2011/02/articles/animals/other-animals/cobras-make-bad-pets-duh/,United States,National (US),-0.8169,
Google Search,"someone tell me everything about owning a snake for ... overall captive bred babies are what you want if you want a handleable snake, raised in captivity they are much more likely to take to handling, ...",2026-02-27,pet cobra,Reptile,https://www.reddit.com/r/snakes/comments/14em8xa/someone_tell_me_everything_about_owning_a_snake/,United States,National (US),0.1531,"Q1_Sentiment, Q6_Animal_Welfare"
Google Search,"is it legal to keep a king cobra as a pet? – north carolina ... penalties. violation of the venomous reptile, large constricting snake, or crocodilian laws is a class 2 misdemeanor. g.s. 14-422. if anyone ...",2026-02-27,pet cobra,Reptile,https://nccriminallaw.sog.unc.edu/2016/05/11/legal-keep-king-cobra-pet/,United States,National (US),-0.4019,"Q4_Legal_Risk, Q5_Safety_Risk"
Google Search,"king cobra, the best pet snake? the most dangerous ... https://thefrogknightg... the king cobra (ophiophagus hannah) is one of the most dangerous snakes in the world. they are long, fast, and highly ...",2026-02-27,pet cobra,Reptile,https://www.youtube.com/watch?v=MQ_P9sDKa7I,United States,National (US),-0.379,"Q1_Sentiment, Q5_Safety_Risk"
Google Search,"is it legal to own a king cobra in the usa? | expert q&a ownership often requires permits, secure enclosures, and adherence to safety protocols. illegal possession can lead to fines or confiscation.",2026-02-27,pet cobra,Reptile,https://www.justanswer.com/pet/03gur-king-cobra-s-legal-usa.html,United States,National (US),0.2732,"Q1_Sentiment, Q4_Legal_Risk"
Google Search,illegal animals | washington state department of agriculture some of the animals illegal to own under this law are: lions; tigers; cougars; wolves; bears; monkeys (non human primates); marmosets; lemurs; cobras ...,2026-02-27,pet cobra,Reptile,https://agr.wa.gov/departments/animals-livestock-and-pets/animal-health/import-requirements/illegal-animals,United States,National (US),-0.802,"Q1_Sentiment, Q4_Legal_Risk"
Google Search,"iguanas - owning most owners buy iguanas locally from a reptile fair, breeder, or pet store. online purchases have become more common over the past few years. young, captive- ...",2026-02-27,pet iguana,Reptile,https://vcahospitals.com/know-your-pet/iguanas---owning,United States,National (US),0.3182,
Google Search,"a guide to caring for iguanas as pets pet iguanas will never be truly domesticated animals, and many of them will try to escape their enclosures and even your home. captive iguanas ...",2026-02-27,pet iguana,Reptile,https://www.thesprucepets.com/iguanas-as-pets-1236880,United States,National (US),0.3599,
Google Search,"wwf responsible pet guide: iguana care essentials exotic pet ownership, however, is regulated at the state, county, or city level, so check your jurisdiction to see if you can own it.",2026-02-27,pet iguana,Reptile,https://www.worldwildlife.org/our-work/wildlife/wildlife-crime/responsible-pet-guide/assessed-exotic-species/iguana/,United States,National (US),0.6705,Q6_Animal_Welfare
Google Search,iguana as a pet: what you should know | rabun county vet iguanas kept as pets must be picked up and held frequently in order for them to develop a sense of trust and comfort. they frequently find human ...,2026-02-27,pet iguana,Reptile,https://www.rabunanimalhospital.com/site/blog/2023/08/07/iguana-pet,United States,National (US),0.7003,
Google Search,"iguana as a pet: everything you should know | turlock vets iguanas can be tamed with adequate daily care, but they have a strong self-defense drive and will bite, scratch, and whip their tails if challenged.",2026-02-27,pet iguana,Reptile,https://www.turlockvet.com/site/blog/2023/03/15/iguana-pet,United States,National (US),0.7506,"Q5_Safety_Risk, Q6_Animal_Welfare"
Google Search,"i really want a pet iguana, however, i have never owned ... iguanas, nor any reptile, are a good first pet. neither are birds. their needs far exceed those of say a cat, dog, rabbit, or guinea pig. they ...",2026-02-27,pet iguana,Reptile,https://www.reddit.com/r/iguanas/comments/153ujpv/i_really_want_a_pet_iguana_however_i_have_never/,United States,National (US),0.5413,Q1_Sentiment
Google Search,"iguana as a pet: what you should know | clarksville vet iguanas are a popular choice for pet reptiles, but they demand a lot of time, care, and space. they need special attention for feeding and housing.",2026-02-27,pet iguana,Reptile,https://www.sangoveterinaryhospital.net/site/blog/2023/10/15/iguana-pet,United States,National (US),0.8402,Q6_Animal_Welfare
Google Search,"iguana as a pet: what you should know | jackson vet a single iguana requires an enclosure that measures around 12 feet in length, 6 feet wide, and 8 feet tall. many iguana owners prefer custom ...",2026-02-27,pet iguana,Reptile,https://www.northmadisonanimalvet.com/site/blog/2023/06/21/iguana-pet,United States,National (US),0.0,
Google Search,are monitors good pets? : r/monitorlizards are monitor lizards good pets? best monitor lizard species for beginners.,2026-02-27,pet monitor lizard,Reptile,https://www.reddit.com/r/MonitorLizards/comments/qkw7re/are_monitors_good_pets/,United States,National (US),0.885,
Google Search,how to care for a pet savannah monitor savannah monitors can make good pets for experienced lizard owners. ... pet lizards · axolotls in a tank. tank options for ...,2026-02-27,pet monitor lizard,Reptile,https://www.thesprucepets.com/savannah-monitors-1239214,United States,National (US),0.7269,Q6_Animal_Welfare
Google Search,"reptile ownership laws by state varanidae (monitor lizard); xantusiidae (night lizards); xenosauridae (knob ... all species of wall lizards, except those listed in appendix that require an ...",2026-02-27,pet monitor lizard,Reptile,https://usark.org/reptile-ownership-laws-by-state/,United States,National (US),0.0,Q4_Legal_Risk
Google Search,"monitor lizard as a pet: is it a good idea? in the u.s, it is legal to keep a monitor lizard as a pet, but that doesn't mean it is the best idea. monitor lizards are not a pet for beginner ...",2026-02-27,pet monitor lizard,Reptile,https://a-z-animals.com/blog/monitor-lizard-as-a-pet-is-it-a-good-idea/,United States,National (US),0.8402,
Google Search,getting approved for exotic pet license for monitor lizard? getting approved for exotic pet license for monitor lizard? monitor ... the owner came in the next day and told petco their savannah monitor ...,2026-02-27,pet monitor lizard,Reptile,https://www.facebook.com/groups/1174895846415748/posts/2034254357146555/,United States,National (US),0.7149,Q4_Legal_Risk
Google Search,"a guide to responsible monitor lizard ownership owning a monitor lizard is not for everyone. it requires significant financial resources, a lot of space, a strong stomach for feeding whole prey, and a deep ...",2026-02-27,pet monitor lizard,Reptile,https://88petsworld.net/the-mighty-monitor-a-guide-to-responsible-monitor-lizard-ownership/,United States,National (US),0.7506,
Google Search,"tips to care for pet monitor lizards if your lizard appears agitated or defensive, give them space to avoid bites or scratches. ✓ do's and don'ts. when caring for monitor lizards, ...",2026-02-27,pet monitor lizard,Reptile,https://www.dialavet.com/blog/tips-to-care-for-pet-monitor-lizards,United States,National (US),-0.5466,"Q5_Safety_Risk, Q6_Animal_Welfare"
Google Search,nile monitor nile monitors can live up to 20 years in captivity. they are the largest lizard species in africa and can attain lengths of about 6.5 feet and weigh up to 17.8 ...,2026-02-27,pet monitor lizard,Reptile,https://myfwc.com/wildlifehabitats/profiles/reptiles/lizards/nile-monitor/,United States,National (US),0.0,Q6_Animal_Welfare
Google Search,"why are monitor lizards so affectionate as pets, despite ... do monitor lizards get along with dogs? what dangers does the lizard pose to my dog? 17,772 views.",2026-02-27,pet monitor lizard,Reptile,https://www.quora.com/Why-are-monitor-lizards-so-affectionate-as-pets-despite-being-solitary-reptiles,United States,National (US),0.2266,Q5_Safety_Risk
Google Search,do's and don'ts of parrot ownership do concentrate on good behavior. do give your birds a bath with water only or mist with a spray bottle at least 2 to 3 times a week.,2026-02-27,pet parrot,Bird,https://centerforanimalrehab.org/dos-and-donts-of-parrot-ownership/,United States,National (US),0.4404,
Google Search,"thinking of buying a parrot? parrots of all types are attractive and rewarding birds to keep, but the requirements for their management and the demands made on their owners can be very ...",2026-02-27,pet parrot,Bird,https://theparrotsocietyuk.org/site/index.php/parrot-information/new-to-pet-parrots/thinking-of-buying-a-parrot/,United States,National (US),0.4854,
Google Search,"what are the pros and cons of owning a parrot compared to ... parrots are loud, messy, can get expensive, require a lot of attention and training, and take a lot of time to learn their body language and ...",2026-02-27,pet parrot,Bird,https://www.reddit.com/r/parrots/comments/1fxwwen/what_are_the_pros_and_cons_of_owning_a_parrot/,United States,National (US),-0.3612,
Google Search,"parrot ownership: pros, cons and what to expect before ... pet parrots need daily interaction and training. parrots need lots of interaction with other living things so time outside the cage is essential ...",2026-02-27,pet parrot,Bird,https://www.latimes.com/companion-animals/small-animals/care/story/pet-parrot-care-guide,United States,National (US),0.0,
Google Search,"ten reasons you shouldn't get a parrot as a first-time parrot owner, you should never purchase or adopt a previously owned parrot. there is a reason why the owner is selling or abandoning the parrot, ...",2026-02-27,pet parrot,Bird,https://viemagazine.com/article/ten-reasons-you-shouldnt-get-a-parrot/,United States,National (US),-0.4798,
Google Search,"the reality of parrot ownership! because owning a parrot is like being in a long-term relationship - it's a big responsibility, and you need to be prepared for the long haul.",2026-02-27,pet parrot,Bird,https://www.facebook.com/groups/1024490957622648/posts/2518617914876604/,United States,National (US),0.5707,
Google Search,"what parrot is right for the first time owner? i don't believe that there is any species of parrot that should be considered a “beginner bird”. smaller birds are just as in need of enrichment, good food and ...",2026-02-27,pet parrot,Bird,https://birdtricksstore.com/blogs/birdtricks-blog/what-parrot-is-right-for-the-first-time-owner?srsltid=AfmBOorvtHDprrpNyNf0EAAkal4xXhmdfdufV5gLJlkTfThCBF0xK4KZ,United States,National (US),0.4404,
Google Search,"selecting a pet bird | american veterinary medical ... your choice of bird will be affected by your preferences for appearance, personality, companionship or ability to talk.",2026-02-27,pet parrot,Bird,https://www.avma.org/resources/pet-owners/petcare/selecting-pet-bird,United States,National (US),0.1779,
Google Search,"macaws as pets: what it's really like to own one discover what it takes to care for macaws as pets, from their history and behaviour to expert care tips for a happy, healthy, ...",2026-02-27,pet macaw,Bird,https://parrotessentials.co.uk/blog/macaws-as-pets-what-its-really-like-to-own-one,United States,National (US),0.9392,Q6_Animal_Welfare
Google Search,"getting a macaw as a first-time bird owner if they live for 50+ years, there's not much time to “waste” building up experience with other birds.",2026-02-27,pet macaw,Bird,https://www.reddit.com/r/Macaws/comments/x6g2r4/getting_a_macaw_as_a_firsttime_bird_owner/,United States,National (US),0.0,
Google Search,"everything you need to know about pet macaws macaws are the largest of the parrot family. these colorful, loud birds need lots of space and time with their owner. learn more about this parrot in our guide ...",2026-02-27,pet macaw,Bird,https://www.kaytee.com/learn-care/pet-birds/everything-you-need-to-know-about-pet-macaws,United States,National (US),0.0,
Google Search,"pet macaws: the good, the bad and the wildly funny macaw owners need to set clear limits on a macaw's behavior and to consistently uphold those rules and expectations. do not allow the beak ...",2026-02-27,pet macaw,Bird,https://www.chewy.com/education/bird/general/pet-macaws-the-good-the-bad-and-the-wildly-funny,United States,National (US),0.4997,
Google Search,"5 pros & cons of owning a pet macaw - cb bird blog keeping macaws as pets is not cheap. large cages, premium food, toys, and veterinary care all add to the total expense of ownership.",2026-02-27,pet macaw,Bird,https://shopcheekybeaks.com/blogs/bird-parenting-tips/pros-cons-pet-macaws?srsltid=AfmBOooj9Y9-cd0jf1IV-COGNSCh7fEU2e3HFHq_DUn0jnhnVKtuCBnk,United States,National (US),0.4939,Q6_Animal_Welfare
Google Search,considering a macaw as a pet? they dont need 24/7 supervision and can play well on own. they love to chew wood and destroy stuff so a huge cage with lots of toys and they can ...,2026-02-27,pet macaw,Bird,https://www.facebook.com/groups/allpetfairs/posts/2239499376341037/,United States,National (US),0.7769,Q1_Sentiment
Google Search,"what is it like to have a pet macaw? a macaw is an extremely intelligent exotic bird and will likely outlive you. they are not toys to show off your status. vet bills, a good cage, ...",2026-02-27,pet macaw,Bird,https://www.quora.com/What-is-it-like-to-have-a-pet-macaw,United States,National (US),0.8268,
Google Search,"macaws as a macaw owner, you'll want to schedule regular veterinary exams and watch your pet closely for health problems. don't be alarmed if your macaw sneezes ...",2026-02-27,pet macaw,Bird,https://uptownvethospital.org/articles/627326-macaws,United States,National (US),-0.0936,Q1_Sentiment
Google Search,"macaw personality, food & care – pet birds ... macaws are big birds; big in size and in personality. several species from various genera are kept as pets. do you have what it takes to own a macaw?",2026-02-27,pet macaw,Bird,https://lafeber.com/pet-birds/species/macaw/?srsltid=AfmBOoofXPgeq6zsX_YfjwzErYyHa075ap7DevMLhfhqnP18BJsbxyyP,United States,National (US),0.4939,Q6_Animal_Welfare
Google Search,"cockatoo owner perfectly describes the experience of ... the downside is their maintenance. they are loud, destructive, and (very) messy. but honestly, if you have time to spend with them they truly ...",2026-02-27,pet cockatoo,Bird,https://www.reddit.com/r/bestof/comments/42y64h/cockatoo_owner_perfectly_describes_the_experience/,United States,National (US),0.7875,
Google Search,"what pet bird owners should know about cockatoos cockatoos are affectionate, intelligent, and entertaining companions, but they require a dedicated, experienced owner who can meet their social, mental, and ...",2026-02-27,pet cockatoo,Bird,https://myrightbird.com/articles/what-pet-bird-owners-should-know-about-cockatoos,United States,National (US),0.836,
Google Search,"wwf guide: cockatoo ownership considerations wwf highlights why cockatoos require specialized, lifelong care and stresses responsible sourcing and informed exotic pet ownership.",2026-02-27,pet cockatoo,Bird,https://www.worldwildlife.org/our-work/wildlife/wildlife-crime/responsible-pet-guide/assessed-exotic-species/sulfur-crested-cockatoo/,United States,National (US),0.3612,Q6_Animal_Welfare
Google Search,6 tips for cockatoo owners here are 6 tips for cockatoo owners: · 1. no petting under the wings · 2. no cuddling underneath covers or blankets or dark places · 3. height… · 4. plenty of bird ...,2026-02-27,pet cockatoo,Bird,https://www.funtimebirdy.com/6-tips-for-cockatoo-owners/?srsltid=AfmBOoo7t0MneM3aTyht5WFqIeXeB0W8i0aNqD0nhSKeuf0Z2TL3B81L,United States,National (US),-0.5267,
Google Search,"everything you need to know about pet cockatoos to build a connection with your pet cockatoo, offer plenty of love, patience, consistency in routine, and a stress-free environment. the veterinarians explain ...",2026-02-27,pet cockatoo,Bird,https://www.kaytee.com/learn-care/pet-birds/everything-you-need-to-know-about-pet-cockatoos,United States,National (US),0.6369,Q1_Sentiment
Google Search,"what are the pros and cons of owning a white cockatoo as ... cockatoos are up there with dog ownership as far as tending to, interacting with, and cleaning up after. if you work full time or have a lot of ...",2026-02-27,pet cockatoo,Bird,https://www.quora.com/What-are-the-pros-and-cons-of-owning-a-white-cockatoo-as-a-pet,United States,National (US),0.0,
Google Search,"owning a pet cockatoo: pros and cons? all that aside he's a wonderful companion and gives spark in my life, he's so cuddly and sweet and knows what he's doing he's very self aware ...",2026-02-27,pet cockatoo,Bird,https://www.facebook.com/groups/1024490957622648/posts/3514114891993563/,United States,National (US),0.8344,
Google Search,"the truth about owning a cockatoo, please - parrot forum they are not always loving like pet shop say they are. the beak of a cockatoo has three points that can do a lot of damage to a human. some talk ...",2026-02-27,pet cockatoo,Bird,https://www.parrotforums.com/threads/the-truth-about-owning-a-cockatoo-please.14304/,United States,National (US),-0.5935,
